{
    "times":[
        0.0,
        0.01,
        0.02,
        0.03,
        0.04,
        0.05,
        0.06,
        0.07,
        0.08,
        0.09,
        0.1,
        0.11,
        0.12,
        0.13,
        0.14,
        0.15,
        0.16,
        0.17,
        0.18,
        0.19,
        0.2,
        0.21,
        0.22,
        0.23,
        0.24,
        0.25,
        0.26,
        0.27,
        0.28,
        0.29,
        0.3,
        0.31,
        0.32,
        0.33,
        0.34,
        0.35000000000000003,
        0.36,
        0.37,
        0.38,
        0.39,
        0.4,
        0.41000000000000003,
        0.42,
        0.43,
        0.44,
        0.45,
        0.46,
        0.47000000000000003,
        0.48,
        0.49,
        0.5,
        0.51,
        0.52,
        0.53,
        0.54,
        0.55,
        0.56,
        0.5700000000000001,
        0.58,
        0.59,
        0.6,
        0.61,
        0.62,
        0.63,
        0.64,
        0.65,
        0.66,
        0.67,
        0.68,
        0.6900000000000001,
        0.7000000000000001,
        0.71,
        0.72,
        0.73,
        0.74,
        0.75,
        0.76,
        0.77,
        0.78,
        0.79,
        0.8,
        0.81,
        0.8200000000000001,
        0.8300000000000001,
        0.84,
        0.85,
        0.86,
        0.87,
        0.88,
        0.89,
        0.9,
        0.91,
        0.92,
        0.93,
        0.9400000000000001,
        0.9500000000000001,
        0.96,
        0.97,
        0.98,
        0.99
    ],
    "values":[
        -0.09988000602529543,
        0.020271422512744948,
        0.06550442901525826,
        0.07725202998662652,
        -0.11500020525860824,
        -0.1912347941628134,
        0.009380693026285657,
        0.0622947970383327,
        0.043982632002106385,
        -0.04069678129446137,
        0.09565942785735818,
        -0.012154235034359723,
        -0.06949386432448607,
        0.21008300240230304,
        0.1823167631046212,
        0.25317322524470776,
        0.16114407670558223,
        0.18440458269649077,
        0.285707538213312,
        0.3190346025248453,
        0.40285945379750376,
        0.3577499265040489,
        0.446274660149983,
        0.5569860423441285,
        0.6271118876403398,
        0.5479477865161764,
        0.599423428399778,
        0.750070836157243,
        0.8371478216623119,
        0.9766870320002102,
        1.131025505178617,
        1.1988859758236774,
        1.3688277845261707,
        1.371188291288015,
        1.3581000835819301,
        1.436403060331352,
        1.75783258251349,
        1.7912667668258313,
        1.811564531013244,
        1.8588032040960343,
        2.2635119453769446,
        2.195330422392092,
        2.390186457015641,
        2.1926421431604366,
        2.414340870659441,
        2.5013361428876846,
        2.6062006369155126,
        2.6589173411574896,
        2.6949347512911093,
        2.6342345072050324,
        2.7623100731796444,
        2.6655835102247663,
        2.6254559872473044,
        2.647044402530176,
        2.712824309434456,
        2.463264861953612,
        2.473007501583727,
        2.508047273853848,
        2.4013289995277276,
        2.2491027840400877,
        2.2707014582226215,
        2.0354671007603393,
        1.9389843893394356,
        1.7966306148388533,
        1.813268014891931,
        1.622640688692817,
        1.4407989453296999,
        1.416574336798741,
        1.1705718132631204,
        1.204763612321721,
        1.0588388971494147,
        0.9298577476386577,
        0.8249118406409961,
        0.8353081443087975,
        0.6107321227911477,
        0.7093813957617799,
        0.5294949277269891,
        0.31717072307254923,
        0.5712258268606656,
        0.3015210097377987,
        0.17571985578077318,
        0.290517573206534,
        0.24464941745465543,
        0.36042388119989155,
        0.11117857158160115,
        0.24032943210890717,
        0.10857764432167148,
        0.08479285312221968,
        0.0401437217106219,
        0.12260688142577415,
        0.1329730797575184,
        0.14068459673521005,
        -0.0077657284281625535,
        0.14874301593873435,
        0.1715150265124564,
        0.013626841536889377,
        -0.052924803818122784,
        0.1780939643235962,
        -0.0007854206045029254,
        -0.07118915538387614
    ]
}